Dataset,Accuracy,Time(min)
EigenWorms,61.832061068702295,4072.254979586601
